Эстафета 4×50 м вольный стиль | M100-119 | 25 м | 1:32:64 
Эстафета 4×50 м вольный стиль | M120-159 | 25 м | 1:32:03 
Эстафета 4×50 м вольный стиль | M160-199 | 25 м | 1:35:16 
Эстафета 4×50 м вольный стиль | M200-239 | 25 м | 1:40:18 
Эстафета 4×50 м вольный стиль | M240-279 | 25 м | 1:47:01 
Эстафета 4×50 м вольный стиль | M280-319 | 25 м | 1:59:46 
Эстафета 4×50 м вольный стиль | M320-359 | 25 м | 2:28:19 
Эстафета 4×50 м вольный стиль | M360-399 | 25 м | 5:17:61 
Эстафета 4×50 м вольный стиль | F100-119 | 25 м | 1:49:80 
Эстафета 4×50 м вольный стиль | F120-159 | 25 м | 1:49:39 
Эстафета 4×50 м вольный стиль | F160-199 | 25 м | 1:50:69 
Эстафета 4×50 м вольный стиль | F200-239 | 25 м | 1:57:66 
Эстафета 4×50 м вольный стиль | F240-279 | 25 м | 2:06:05 
Эстафета 4×50 м вольный стиль | F280-319 | 25 м | 2:30:56 
Эстафета 4×50 м вольный стиль | F320-359 | 25 м | 3:06:57 
Эстафета 4×50 м вольный стиль | F360-399 | 25 м | 5:11:70 
Эстафета 4×50 м вольный стиль | M100-119 | 25 м | 1:40:70 
Эстафета 4×50 м вольный стиль | M120-159 | 25 м | 1:39:10 
Эстафета 4×50 м вольный стиль | M160-199 | 25 м | 1:42:42 
Эстафета 4×50 м вольный стиль | M200-239 | 25 м | 1:48:14 
Эстафета 4×50 м вольный стиль | M240-279 | 25 м | 1:55:63 
Эстафета 4×50 м вольный стиль | M280-319 | 25 м | 2:10:90 
Эстафета 4×50 м вольный стиль | M320-359 | 25 м | 2:42:05 
Эстафета 4×50 м вольный стиль | M360-399 | 25 м | 4:21:45 
Эстафета 4×50 м комбинированная | M100-119 | 25 м | 1:42:49 
Эстафета 4×50 м комбинированная | M120-159 | 25 м | 1:39:71 
Эстафета 4×50 м комбинированная | M160-199 | 25 м | 1:45:05 
Эстафета 4×50 м комбинированная | M200-239 | 25 м | 1:51:40 
Эстафета 4×50 м комбинированная | M240-279 | 25 м | 1:59:85 
Эстафета 4×50 м комбинированная | M280-319 | 25 м | 2:15:69 
Эстафета 4×50 м комбинированная | M320-359 | 25 м | 2:53:64 
Эстафета 4×50 м комбинированная | M360-399 | 25 м | 5:18:32 
Эстафета 4×50 м комбинированная | F100-119 | 25 м | 2:00:56 
Эстафета 4×50 м комбинированная | F120-159 | 25 м | 2:01:95 
Эстафета 4×50 м комбинированная | F160-199 | 25 м | 2:04:07 
Эстафета 4×50 м комбинированная | F200-239 | 25 м | 2:12:60 
Эстафета 4×50 м комбинированная | F240-279 | 25 м | 2:23:77 
Эстафета 4×50 м комбинированная | F280-319 | 25 м | 2:52:02 
Эстафета 4×50 м комбинированная | F320-359 | 25 м | 3:42:57 
Эстафета 4×50 м комбинированная | F360-399 | 25 м | 5:41:74 
Эстафета 4×50 м комбинированная | M100-119 | 25 м | 1:49:78 
Эстафета 4×50 м комбинированная | M120-159 | 25 м | 1:49:02 
Эстафета 4×50 м комбинированная | M160-199 | 25 м | 1:52:93 
Эстафета 4×50 м комбинированная | M200-239 | 25 м | 1:58:96 
Эстафета 4×50 м комбинированная | M240-279 | 25 м | 2:10:33 
Эстафета 4×50 м комбинированная | M280-319 | 25 м | 2:29:38 
Эстафета 4×50 м комбинированная | M320-359 | 25 м | 3:10:83 
Эстафета 4×50 м комбинированная | M360-399 | 25 м | 5:54:25 
Эстафета 4×100 м вольный стиль | M100-119 | 25 м | 3:28:27 
Эстафета 4×100 м вольный стиль | M120-159 | 25 м | 3:28:16 
Эстафета 4×100 м вольный стиль | M160-199 | 25 м | 3:34:72 
Эстафета 4×100 м вольный стиль | M200-239 | 25 м | 3:48:11 
Эстафета 4×100 м вольный стиль | M240-279 | 25 м | 4:07:86 
Эстафета 4×100 м вольный стиль | M280-319 | 25 м | 4:42:84 
Эстафета 4×100 м вольный стиль | M320-359 | 25 м | 6:05:75 
Эстафета 4×100 м вольный стиль | M360-399 | 25 м | 9:52:10 
Эстафета 4×100 м вольный стиль | F100-119 | 25 м | 4:08:70 
Эстафета 4×100 м вольный стиль | F120-159 | 25 м | 4:03:39 
Эстафета 4×100 м вольный стиль | F160-199 | 25 м | 4:11:21 
Эстафета 4×100 м вольный стиль | F200-239 | 25 м | 4:22:66 
Эстафета 4×100 м вольный стиль | F240-279 | 25 м | 4:51:37 
Эстафета 4×100 м вольный стиль | F280-319 | 25 м | 5:40:53 
Эстафета 4×100 м вольный стиль | F320-359 | 25 м | 8:26:91 
Эстафета 4×100 м вольный стиль | M100-119 | 25 м | 3:44:36 
Эстафета 4×100 м вольный стиль | M120-159 | 25 м | 3:47:98 
Эстафета 4×100 м вольный стиль | M160-199 | 25 м | 3:53:29 
Эстафета 4×100 м вольный стиль | M200-239 | 25 м | 4:04:13 
Эстафета 4×100 м вольный стиль | M240-279 | 25 м | 4:19:63 
Эстафета 4×100 м вольный стиль | M280-319 | 25 м | 5:02:07 
Эстафета 4×100 м вольный стиль | M320-359 | 25 м | 7:08:79 
Эстафета 4×100 м вольный стиль | M360-399 | 25 м | 11:18:73 
Эстафета 4×100 м комбинированная | M100-119 | 25 м | 3:54:71 
Эстафета 4×100 м комбинированная | M120-159 | 25 м | 3:48:86 
Эстафета 4×100 м комбинированная | M160-199 | 25 м | 3:57:59 
Эстафета 4×100 м комбинированная | M200-239 | 25 м | 4:14:17 
Эстафета 4×100 м комбинированная | M240-279 | 25 м | 4:33:17 
Эстафета 4×100 м комбинированная | M280-319 | 25 м | 5:18:61 
Эстафета 4×100 м комбинированная | M320-359 | 25 м | 7:07:17 
Эстафета 4×100 м комбинированная | F100-119 | 25 м | 4:33:99 
Эстафета 4×100 м комбинированная | F120-159 | 25 м | 4:33:77 
Эстафета 4×100 м комбинированная | F160-199 | 25 м | 4:37:27 
Эстафета 4×100 м комбинированная | F200-239 | 25 м | 4:59:24 
Эстафета 4×100 м комбинированная | F240-279 | 25 м | 5:30:71 
Эстафета 4×100 м комбинированная | F280-319 | 25 м | 6:38:66 
Эстафета 4×100 м комбинированная | F320-359 | 25 м | 9:43:99 
Эстафета 4×100 м комбинированная | M100-119 | 25 м | 4:10:60 
Эстафета 4×100 м комбинированная | M120-159 | 25 м | 4:11:51 
Эстафета 4×100 м комбинированная | M160-199 | 25 м | 4:18:63 
Эстафета 4×100 м комбинированная | M200-239 | 25 м | 4:30:35 
Эстафета 4×100 м комбинированная | M240-279 | 25 м | 5:05:90 
Эстафета 4×100 м комбинированная | M280-319 | 25 м | 5:50:08 
Эстафета 4×100 м комбинированная | M320-359 | 25 м | 8:10:08 
Эстафета 4×100 м комбинированная | M360-399 | 25 м | 10:38:12
Эстафета 4×200 м вольный стиль | M100-119 | 25 м | 7:50:15 
Эстафета 4×200 м вольный стиль | M120-159 | 25 м | 7:49:75 
Эстафета 4×200 м вольный стиль | M160-199 | 25 м | 8:03:91 
Эстафета 4×200 м вольный стиль | M200-239 | 25 м | 8:29:98 
Эстафета 4×200 м вольный стиль | M240-279 | 25 м | 9:05:48 
Эстафета 4×200 м вольный стиль | M280-319 | 25 м | 10:43:32
Эстафета 4×200 м вольный стиль | M320-359 | 25 м | 14:30:24
Эстафета 4×200 м вольный стиль | M360-399 | 25 м | 21:24:39
Эстафета 4×200 м вольный стиль | F100-119 | 25 м | 9:11:61
Эстафета 4×200 м вольный стиль | F120-159 | 25 м | 9:06:22
Эстафета 4×200 м вольный стиль | F160-199 | 25 м | 9:18:34
Эстафета 4×200 м вольный стиль | F200-239 | 25 м | 9:49:27
Эстафета 4×200 м вольный стиль | F240-279 | 25 м | 10:38:20 
Эстафета 4×200 м вольный стиль | F280-319 | 25 м | 13:06:98 
Эстафета 4×200 м вольный стиль | F320-359 | 25 м | 17:19:64 
Эстафета 4×200 м вольный стиль | M100-119 | 25 м | 8:31:61
Эстафета 4×200 м вольный стиль | M120-159 | 25 м | 8:29:42
Эстафета 4×200 м вольный стиль | M160-199 | 25 м | 8:42:77
Эстафета 4×200 м вольный стиль | M200-239 | 25 м | 9:09:69
Эстафета 4×200 м вольный стиль | M240-279 | 25 м | 9:58:75
Эстафета 4×200 м вольный стиль | M280-319 | 25 м | 11:27:80
Эстафета 4×200 м вольный стиль | M320-359 | 25 м | 16:03:07
Эстафета 4×200 м вольный стиль | M360-399 | 25 м | 23:00:65
Эстафета 4×50 м вольный стиль | M100-119 | 50 м | 1:35:33
Эстафета 4×50 м вольный стиль | M120-159 | 50 м | 1:34:41
Эстафета 4×50 м вольный стиль | M160-199 | 50 м | 1:37:12
Эстафета 4×50 м вольный стиль | M200-239 | 50 м | 1:42:02
Эстафета 4×50 м вольный стиль | M240-279 | 50 м | 1:48:41
Эстафета 4×50 м вольный стиль | M280-319 | 50 м | 2:00:50
Эстафета 4×50 м вольный стиль | M320-359 | 50 м | 2:26:83
Эстафета 4×50 м вольный стиль | M360-399 | 50 м | 4:46:99
Эстафета 4×50 м вольный стиль | F100-119 | 50 м | 1:51:26
Эстафета 4×50 м вольный стиль | F120-159 | 50 м | 1:50:44
Эстафета 4×50 м вольный стиль | F160-199 | 50 м | 1:51:29
Эстафета 4×50 м вольный стиль | F200-239 | 50 м | 1:59:31
Эстафета 4×50 м вольный стиль | F240-279 | 50 м | 2:06:52
Эстафета 4×50 м вольный стиль | F280-319 | 50 м | 2:30:02
Эстафета 4×50 м вольный стиль | F320-359 | 50 м | 3:11:19
Эстафета 4×50 м вольный стиль | F360-399 | 50 м | 5:48:38
Эстафета 4×50 м вольный стиль | M100-119 | 50 м | 1:42:82
Эстафета 4×50 м вольный стиль | M120-159 | 50 м | 1:42:02
Эстафета 4×50 м вольный стиль | M160-199 | 50 м | 1:44:30
Эстафета 4×50 м вольный стиль | M200-239 | 50 м | 1:47:94
Эстафета 4×50 м вольный стиль | M240-279 | 50 м | 1:56:03
Эстафета 4×50 м вольный стиль | M280-319 | 50 м | 2:12:23
Эстафета 4×50 м вольный стиль | M320-359 | 50 м | 2:43:43
Эстафета 4×50 м вольный стиль | M360-399 | 50 м | 3:59:50
Эстафета 4×50 м комбинированная | M100-119 | 50 м | 1:45:39
Эстафета 4×50 м комбинированная | M120-159 | 50 м | 1:43:98
Эстафета 4×50 м комбинированная | M160-199 | 50 м | 1:47:63
Эстафета 4×50 м комбинированная | M200-239 | 50 м | 1:54:02
Эстафета 4×50 м комбинированная | M240-279 | 50 м | 2:01:81
Эстафета 4×50 м комбинированная | M280-319 | 50 м | 2:17:99
Эстафета 4×50 м комбинированная | M320-359 | 50 м | 2:53:78
Эстафета 4×50 м комбинированная | M360-399 | 50 м | 5:22:94
Эстафета 4×50 м комбинированная | F100-119 | 50 м | 2:04:16
Эстафета 4×50 м комбинированная | F120-159 | 50 м | 2:04:25
Эстафета 4×50 м комбинированная | F160-199 | 50 м | 2:06:82
Эстафета 4×50 м комбинированная | F200-239 | 50 м | 2:13:95
Эстафета 4×50 м комбинированная | F240-279 | 50 м | 2:24:12
Эстафета 4×50 м комбинированная | F280-319 | 50 м | 2:51:04
Эстафета 4×50 м комбинированная | F320-359 | 50 м | 3:33:61
Эстафета 4×50 м комбинированная | F360-399 | 50 м | 5:53:02
Эстафета 4×50 м комбинированная | M100-119 | 50 м | 1:55:37
Эстафета 4×50 м комбинированная | M120-159 | 50 м | 1:52:40
Эстафета 4×50 м комбинированная | M160-199 | 50 м | 1:56:49
Эстафета 4×50 м комбинированная | M200-239 | 50 м | 2:02:23
Эстафета 4×50 м комбинированная | M240-279 | 50 м | 2:10:28
Эстафета 4×50 м комбинированная | M280-319 | 50 м | 2:28:89
Эстафета 4×50 м комбинированная | M320-359 | 50 м | 3:11:77
Эстафета 4×50 м комбинированная | M360-399 | 50 м | 5:08:43
Эстафета 4×100 м вольный стиль | M100-119 | 50 м | 3:41:83 
Эстафета 4×100 м вольный стиль | M120-159 | 50 м | 3:39:74 
Эстафета 4×100 м вольный стиль | M160-199 | 50 м | 3:45:03 
Эстафета 4×100 м вольный стиль | M200-239 | 50 м | 3:58:37 
Эстафета 4×100 м вольный стиль | M240-279 | 50 м | 4:14:59 
Эстафета 4×100 м вольный стиль | M280-319 | 50 м | 4:56:12 
Эстафета 4×100 м вольный стиль | M320-359 | 50 м | 6:21:90 
Эстафета 4×100 м вольный стиль | F100-119 | 50 м | 4:21:43 
Эстафета 4×100 м вольный стиль | F120-159 | 50 м | 4:17:29 
Эстафета 4×100 м вольный стиль | F160-199 | 50 м | 4:21:76 
Эстафета 4×100 м вольный стиль | F200-239 | 50 м | 4:31:01 
Эстафета 4×100 м вольный стиль | F240-279 | 50 м | 4:54:62 
Эстафета 4×100 м вольный стиль | F280-319 | 50 м | 5:59:96 
Эстафета 4×100 м вольный стиль | F320-359 | 50 м | 8:26:98 
Эстафета 4×100 м вольный стиль | M100-119 | 50 м | 3:59:54 
Эстафета 4×100 м вольный стиль | M120-159 | 50 м | 3:56:86 
Эстафета 4×100 м вольный стиль | M160-199 | 50 м | 4:00:81 
Эстафета 4×100 м вольный стиль | M200-239 | 50 м | 4:14:51 
Эстафета 4×100 м вольный стиль | M240-279 | 50 м | 4:29:17 
Эстафета 4×100 м вольный стиль | M280-319 | 50 м | 5:19:94 
Эстафета 4×100 м вольный стиль | M320-359 | 50 м | 7:04:84 
Эстафета 4×100 м вольный стиль | M360-399 | 50 м | 9:26:96 
Эстафета 4×100 м комбинированная | M100-119 | 50 м | 4:05:17
Эстафета 4×100 м комбинированная | M120-159 | 50 м | 3:58:28
Эстафета 4×100 м комбинированная | M160-199 | 50 м | 4:09:50
Эстафета 4×100 м комбинированная | M200-239 | 50 м | 4:31:08
Эстафета 4×100 м комбинированная | M240-279 | 50 м | 4:42:94
Эстафета 4×100 м комбинированная | M280-319 | 50 м | 5:41:99
Эстафета 4×100 м комбинированная | M320-359 | 50 м | 7:29:06
Эстафета 4×100 м комбинированная | F100-119 | 50 м | 4:50:88
Эстафета 4×100 м комбинированная | F120-159 | 50 м | 4:49:00
Эстафета 4×100 м комбинированная | F160-199 | 50 м | 4:51:40
Эстафета 4×100 м комбинированная | F200-239 | 50 м | 5:06:94
Эстафета 4×100 м комбинированная | F240-279 | 50 м | 5:41:91
Эстафета 4×100 м комбинированная | F280-319 | 50 м | 7:03:84
Эстафета 4×100 м комбинированная | F320-359 | 50 м | 10:30:32
Эстафета 4×100 м комбинированная | M100-119 | 50 м | 4:20:72
Эстафета 4×100 м комбинированная | M120-159 | 50 м | 4:20:23
Эстафета 4×100 м комбинированная | M160-199 | 50 м | 4:25:29
Эстафета 4×100 м комбинированная | M200-239 | 50 м | 4:47:30
Эстафета 4×100 м комбинированная | M240-279 | 50 м | 5:10:76
Эстафета 4×100 м комбинированная | M280-319 | 50 м | 6:11:77
Эстафета 4×100 м комбинированная | M320-359 | 50 м | 8:12:88
Эстафета 4×100 м комбинированная | M360-399 | 50 м | 11:14:80
Эстафета 4×200 м вольный стиль | M100-119 | 50 м | 8:35:07
Эстафета 4×200 м вольный стиль | M120-159 | 50 м | 8:14:50
Эстафета 4×200 м вольный стиль | M160-199 | 50 м | 8:23:40
Эстафета 4×200 м вольный стиль | M200-239 | 50 м | 8:52:91
Эстафета 4×200 м вольный стиль | M240-279 | 50 м | 9:24:32
Эстафета 4×200 м вольный стиль | M280-319 | 50 м | 10:57:28
Эстафета 4×200 м вольный стиль | M320-359 | 50 м | 15:07:42
Эстафета 4×200 м вольный стиль | F100-119 | 50 м | 9:50:97
Эстафета 4×200 м вольный стиль | F120-159 | 50 м | 9:41:25
Эстафета 4×200 м вольный стиль | F160-199 | 50 м | 9:35:82
Эстафета 4×200 м вольный стиль | F200-239 | 50 м | 10:01:43
Эстафета 4×200 м вольный стиль | F240-279 | 50 м | 11:06:04
Эстафета 4×200 м вольный стиль | F280-319 | 50 м | 13:08:32
Эстафета 4×200 м вольный стиль | F320-359 | 50 м | 20:42:65
Эстафета 4×200 м вольный стиль | M100-119 | 50 м | 8:53:22
Эстафета 4×200 м вольный стиль | M120-159 | 50 м | 8:57:52
Эстафета 4×200 м вольный стиль | M160-199 | 50 м | 9:02:11
Эстафета 4×200 м вольный стиль | M200-239 | 50 м | 9:25:48
Эстафета 4×200 м вольный стиль | M240-279 | 50 м | 10:20:47
Эстафета 4×200 м вольный стиль | M280-319 | 50 м | 12:01:83
Эстафета 4×200 м вольный стиль | M320-359 | 50 м | 16:24:19
Эстафета 4×200 м вольный стиль | M360-399 | 50 м | 21:31:59
50 м вольный стиль | M25-29 | 25 м | 00:21:87
50 м вольный стиль | M30-34 | 25 м | 00:22:04
50 м вольный стиль | M35-39 | 25 м | 00:22:30
50 м вольный стиль | M40-44 | 25 м | 00:23:19
50 м вольный стиль | M45-49 | 25 м | 00:23:59
50 м вольный стиль | M50-54 | 25 м | 00:24:08
50 м вольный стиль | M55-59 | 25 м | 00:24:82
50 м вольный стиль | M60-64 | 25 м | 00:25:65
50 м вольный стиль | M65-69 | 25 м | 00:26:75
50 м вольный стиль | M70-74 | 25 м | 00:28:65
50 м вольный стиль | M75-79 | 25 м | 00:30:71
50 м вольный стиль | M80-84 | 25 м | 00:33:67
50 м вольный стиль | M85-89 | 25 м | 00:37:58
50 м вольный стиль | M90-94 | 25 м | 00:45:50
50 м вольный стиль | M95-99 | 25 м | 00:51:38
50 м вольный стиль | M100-104 | 25 м | 1:41:97
50 м вольный стиль | F25-29 | 25 м | 00:25:28
50 м вольный стиль | F30-34 | 25 м | 00:25:73
50 м вольный стиль | F35-39 | 25 м | 00:26:02
50 м вольный стиль | F40-44 | 25 м | 00:26:51
50 м вольный стиль | F45-49 | 25 м | 00:26:82
50 м вольный стиль | F50-54 | 25 м | 00:27:54
50 м вольный стиль | F55-59 | 25 м | 00:28:16
50 м вольный стиль | F60-64 | 25 м | 00:29:53
50 м вольный стиль | F65-69 | 25 м | 00:31:20
50 м вольный стиль | F70-74 | 25 м | 00:33:60
50 м вольный стиль | F75-79 | 25 м | 00:36:59
50 м вольный стиль | F80-84 | 25 м | 00:40:99
50 м вольный стиль | F85-89 | 25 м | 00:48:14
50 м вольный стиль | F90-94 | 25 м | 00:56:80
50 м вольный стиль | F95-99 | 25 м | 1:04:51
50 м вольный стиль | F100-104 | 25 м | 1:31:18
100 м вольный стиль | M25-29 | 25 м | 00:48:68
100 м вольный стиль | M30-34 | 25 м | 00:49:02
100 м вольный стиль | M35-39 | 25 м | 00:49:74
100 м вольный стиль | M40-44 | 25 м | 00:51:01
100 м вольный стиль | M45-49 | 25 м | 00:52:40
100 м вольный стиль | M50-54 | 25 м | 00:53:52
100 м вольный стиль | M55-59 | 25 м | 00:55:29
100 м вольный стиль | M60-64 | 25 м | 00:57:42
100 м вольный стиль | M65-69 | 25 м | 1:00:06
100 м вольный стиль | M70-74 | 25 м | 1:05:11
100 м вольный стиль | M75-79 | 25 м | 1:09:57
100 м вольный стиль | M80-84 | 25 м | 1:16:91
100 м вольный стиль | M85-89 | 25 м | 1:27:74
100 м вольный стиль | M90-94 | 25 м | 1:49:42
100 м вольный стиль | M95-99 | 25 м | 2:02:49
100 м вольный стиль | M100-104 | 25 м | 3:38:08
100 м вольный стиль | F25-29 | 25 м | 55:01
100 м вольный стиль | F30-34 | 25 м | 55:79
100 м вольный стиль | F35-39 | 25 м | 57:63
100 м вольный стиль | F40-44 | 25 м | 58:05
100 м вольный стиль | F45-49 | 25 м | 59:06
100 м вольный стиль | F50-54 | 25 м | 1:01:07
100 м вольный стиль | F55-59 | 25 м | 1:02:65
100 м вольный стиль | F60-64 | 25 м | 1:05:71
100 м вольный стиль | F65-69 | 25 м | 1:09:13
100 м вольный стиль | F70-74 | 25 м | 1:15:95
100 м вольный стиль | F75-79 | 25 м | 1:24:10
100 м вольный стиль | F80-84 | 25 м | 1:33:24
100 м вольный стиль | F85-89 | 25 м | 1:49:14
100 м вольный стиль | F90-94 | 25 м | 2:11:50
100 м вольный стиль | F95-99 | 25 м | 2:37:63
100 м вольный стиль | F100-104 | 25 м | 3:46:14
200 м вольный стиль | M25-29 | 25 м | 1:48:10
200 м вольный стиль | M30-34 | 25 м | 1:48:91
200 м вольный стиль | M35-39 | 25 м | 1:52:40
200 м вольный стиль | M40-44 | 25 м | 1:53:42
200 м вольный стиль | M45-49 | 25 м | 1:56:15
200 м вольный стиль | M50-54 | 25 м | 1:57:93
200 м вольный стиль | M55-59 | 25 м | 2:04:01
200 м вольный стиль | M60-64 | 25 м | 2:08:17
200 м вольный стиль | M65-69 | 25 м | 2:16:20
200 м вольный стиль | M70-74 | 25 м | 2:26:40
200 м вольный стиль | M75-79 | 25 м | 2:38:94
200 м вольный стиль | M80-84 | 25 м | 2:55:80
200 м вольный стиль | M85-89 | 25 м | 3:21:89
200 м вольный стиль | M90-94 | 25 м | 4:12:99
200 м вольный стиль | M95-99 | 25 м | 4:42:60
200 м вольный стиль | F25-29 | 25 м | 2:01:80
200 м вольный стиль | F30-34 | 25 м | 2:03:89
200 м вольный стиль | F35-39 | 25 м | 2:05:73
200 м вольный стиль | F40-44 | 25 м | 2:07:47
200 м вольный стиль | F45-49 | 25 м | 2:10:39
200 м вольный стиль | F50-54 | 25 м | 2:12:61
200 м вольный стиль | F55-59 | 25 м | 2:16:07
200 м вольный стиль | F60-64 | 25 м | 2:23:22
200 м вольный стиль | F65-69 | 25 м | 2:34:83
200 м вольный стиль | F70-74 | 25 м | 2:49:87
200 м вольный стиль | F75-79 | 25 м | 3:08:88
200 м вольный стиль | F80-84 | 25 м | 3:26:35
200 м вольный стиль | F85-89 | 25 м | 3:59:19
200 м вольный стиль | F90-94 | 25 м | 4:55:77
200 м вольный стиль | F95-99 | 25 м | 5:45:46
200 м вольный стиль | F100-104 | 25 м | 8:01:18
400 м вольный стиль | M25-29 | 25 м | 3:56:37
400 м вольный стиль | M30-34 | 25 м | 3:58:23
400 м вольный стиль | M35-39 | 25 м | 4:00:21
400 м вольный стиль | M40-44 | 25 м | 4:02:13
400 м вольный стиль | M45-49 | 25 м | 4:08:24
400 м вольный стиль | M50-54 | 25 м | 4:14:24
400 м вольный стиль | M55-59 | 25 м | 4:26:80
400 м вольный стиль | M60-64 | 25 м | 4:36:76
400 м вольный стиль | M65-69 | 25 м | 4:53:57
400 м вольный стиль | M70-74 | 25 м | 5:17:05
400 м вольный стиль | M75-79 | 25 м | 5:48:40
400 м вольный стиль | M80-84 | 25 м | 6:14:67
400 м вольный стиль | M85-89 | 25 м | 7:20:87
400 м вольный стиль | M90-94 | 25 м | 8:56:93
400 м вольный стиль | M95-99 | 25 м | 10:00:01
400 м вольный стиль | F25-29 | 25 м | 4:19:09
400 м вольный стиль | F30-34 | 25 м | 4:20:68
400 м вольный стиль | F35-39 | 25 м | 4:26:82
400 м вольный стиль | F40-44 | 25 м | 4:27:36
400 м вольный стиль | F45-49 | 25 м | 4:33:56
400 м вольный стиль | F50-54 | 25 м | 4:39:59
400 м вольный стиль | F55-59 | 25 м | 4:48:78
400 м вольный стиль | F60-64 | 25 м | 5:01:96
400 м вольный стиль | F65-69 | 25 м | 5:26:08
400 м вольный стиль | F70-74 | 25 м | 6:04:16
400 м вольный стиль | F75-79 | 25 м | 6:44:00
400 м вольный стиль | F80-84 | 25 м | 7:23:46
400 м вольный стиль | F85-89 | 25 м | 8:37:93
400 м вольный стиль | F90-94 | 25 м | 10:38:86
400 м вольный стиль | F95-99 | 25 м | 12:32:99
400 м вольный стиль | F100-104 | 25 м | 17:54:44
800 м вольный стиль | M25-29 | 25 м | 8:16:86
800 м вольный стиль | M30-34 | 25 м | 8:19:14
800 м вольный стиль | M35-39 | 25 м | 8:23:71
800 м вольный стиль | M40-44 | 25 м | 8:24:94
800 м вольный стиль | M45-49 | 25 м | 8:40:29
800 м вольный стиль | M50-54 | 25 м | 8:49:51
800 м вольный стиль | M55-59 | 25 м | 9:15:01
800 м вольный стиль | M60-64 | 25 м | 9:32:81
800 м вольный стиль | M65-69 | 25 м | 10:15:33
800 м вольный стиль | M70-74 | 25 м | 11:09:87
800 м вольный стиль | M75-79 | 25 м | 12:03:01
800 м вольный стиль | M80-84 | 25 м | 13:25:03
800 м вольный стиль | M85-89 | 25 м | 15:27:45
800 м вольный стиль | M90-94 | 25 м | 17:57:11
800 м вольный стиль | M95-99 | 25 м | 20:58:26
800 м вольный стиль | F25-29 | 25 м | 8:56:49
800 м вольный стиль | F30-34 | 25 м | 9:00:01
800 м вольный стиль | F35-39 | 25 м | 9:06:14
800 м вольный стиль | F40-44 | 25 м | 9:16:04
800 м вольный стиль | F45-49 | 25 м | 9:23:95
800 м вольный стиль | F50-54 | 25 м | 9:36:85
800 м вольный стиль | F55-59 | 25 м | 9:58:35
800 м вольный стиль | F60-64 | 25 м | 10:20:37
800 м вольный стиль | F65-69 | 25 м | 11:11:57
800 м вольный стиль | F70-74 | 25 м | 12:37:80
800 м вольный стиль | F75-79 | 25 м | 13:53:72
800 м вольный стиль | F80-84 | 25 м | 15:34:06
800 м вольный стиль | F85-89 | 25 м | 18:04:89
800 м вольный стиль | F90-94 | 25 м | 22:43:54
800 м вольный стиль | F95-99 | 25 м | 27:33:08
800 м вольный стиль | F100-104 | 25 м | 39:35:61
1500 м вольный стиль | M25-29 | 25 м | 15:58:19
1500 м вольный стиль | M30-34 | 25 м | 15:59:37
1500 м вольный стиль | M35-39 | 25 м | 16:07:65
1500 м вольный стиль | M40-44 | 25 м | 16:15:01
1500 м вольный стиль | M45-49 | 25 м | 16:43:63
1500 м вольный стиль | M50-54 | 25 м | 16:58:11
1500 м вольный стиль | M55-59 | 25 м | 17:47:80
1500 м вольный стиль | M60-64 | 25 м | 18:33:89
1500 м вольный стиль | M65-69 | 25 м | 19:39:26
1500 м вольный стиль | M70-74 | 25 м | 21:20:65
1500 м вольный стиль | M75-79 | 25 м | 23:24:79
1500 м вольный стиль | M80-84 | 25 м | 25:55:94
1500 м вольный стиль | M85-89 | 25 м | 30:32:72
1500 м вольный стиль | M90-94 | 25 м | 34:28:32
1500 м вольный стиль | M95-99 | 25 м | 39:07:81
1500 м вольный стиль | F25-29 | 25 м | 17:04:88
1500 м вольный стиль | F30-34 | 25 м | 17:19:24
1500 м вольный стиль | F35-39 | 25 м | 17:30:06
1500 м вольный стиль | F40-44 | 25 м | 17:41:28
1500 м вольный стиль | F45-49 | 25 м | 17:55:77
1500 м вольный стиль | F50-54 | 25 м | 18:21:16
1500 м вольный стиль | F55-59 | 25 м | 19:12:35
1500 м вольный стиль | F60-64 | 25 м | 20:04:66
1500 м вольный стиль | F65-69 | 25 м | 21:23:68
1500 м вольный стиль | F70-74 | 25 м | 24:33:51
1500 м вольный стиль | F75-79 | 25 м | 27:21:67
1500 м вольный стиль | F80-84 | 25 м | 30:00:96
1500 м вольный стиль | F85-89 | 25 м | 34:54:52
1500 м вольный стиль | F90-94 | 25 м | 47:02:53
1500 м вольный стиль | F95-99 | 25 м | 50:53:19
1500 м вольный стиль | F100-104 | 25 м | 1:21:33
50 м на спине | M25-29 | 25 м | 00:24:29
50 м на спине | M30-34 | 25 м | 00:24:77
50 м на спине | M35-39 | 25 м | 00:25:38
50 м на спине | M40-44 | 25 м | 00:26:04
50 м на спине | M45-49 | 25 м | 00:26:82
50 м на спине | M50-54 | 25 м | 00:27:63
50 м на спине | M55-59 | 25 м | 00:28:55
50 м на спине | M60-64 | 25 м | 00:30:15
50 м на спине | M65-69 | 25 м | 00:32:35
50 м на спине | M70-74 | 25 м | 00:34:66
50 м на спине | M75-79 | 25 м | 00:37:41
50 м на спине | M80-84 | 25 м | 00:40:47
50 м на спине | M85-89 | 25 м | 00:46:52
50 м на спине | M90-94 | 25 м | 00:57:36
50 м на спине | M95-99 | 25 м | 1:12:52
50 м на спине | M100-104 | 25 м | 2:35:68
50 м на спине | F25-29 | 25 м | 00:28:62
50 м на спине | F30-34 | 25 м | 00:29:03
50 м на спине | F35-39 | 25 м | 00:29:45
50 м на спине | F40-44 | 25 м | 00:30:26
50 м на спине | F45-49 | 25 м | 00:30:78
50 м на спине | F50-54 | 25 м | 00:31:63
50 м на спине | F55-59 | 25 м | 00:32:73
50 м на спине | F60-64 | 25 м | 00:34:67
50 м на спине | F65-69 | 25 м | 00:36:69
50 м на спине | F70-74 | 25 м | 00:39:30
50 м на спине | F75-79 | 25 м | 00:43:13
50 м на спине | F80-84 | 25 м | 00:49:51
50 м на спине | F85-89 | 25 м | 00:56:77
50 м на спине | F90-94 | 25 м | 1:08:93
50 м на спине | F95-99 | 25 м | 1:19:71
50 м на спине | F100-104 | 25 м | 2:53:41
100 м на спине | M25-29 | 25 м | 00:53:89
100 м на спине | M30-34 | 25 м | 00:54:23
100 м на спине | M35-39 | 25 м | 00:55:63
100 м на спине | M40-44 | 25 м | 00:57:16
100 м на спине | M45-49 | 25 м | 00:58:20
100 м на спине | M50-54 | 25 м | 1:00:52
100 м на спине | M55-59 | 25 м | 1:02:68
100 м на спине | M60-64 | 25 м | 1:06:07
100 м на спине | M65-69 | 25 м | 1:11:69
100 м на спине | M70-74 | 25 м | 1:15:41
100 м на спине | M75-79 | 25 м | 1:23:28
100 м на спине | M80-84 | 25 м | 1:30:49
100 м на спине | M85-89 | 25 м | 1:45:47
100 м на спине | M90-94 | 25 м | 2:09:15
100 м на спине | M95-99 | 25 м | 2:46:21
100 м на спине | M100-104 | 25 м | 4:25:20
100 м на спине | F25-29 | 25 м | 1:02:18
100 м на спине | F30-34 | 25 м | 1:02:91
100 м на спине | F35-39 | 25 м | 1:03:67
100 м на спине | F40-44 | 25 м | 1:04:80
100 м на спине | F45-49 | 25 м | 1:06:41
100 м на спине | F50-54 | 25 м | 1:07:99
100 м на спине | F55-59 | 25 м | 1:11:00
100 м на спине | F60-64 | 25 м | 1:15:46
100 м на спине | F65-69 | 25 м | 1:20:75
100 м на спине | F70-74 | 25 м | 1:25:98
100 м на спине | F75-79 | 25 м | 1:34:27
100 м на спине | F80-84 | 25 м | 1:51:02
100 м на спине | F85-89 | 25 м | 2:05:14
100 м на спине | F90-94 | 25 м | 2:34:39
100 м на спине | F95-99 | 25 м | 3:20:89
100 м на спине | F100-104 | 25 м | 3:33:97
200 м на спине | M25-29 | 25 м | 1:58:72
200 м на спине | M30-34 | 25 м | 1:59:35
200 м на спине | M35-39 | 25 м | 2:03:82
200 м на спине | M40-44 | 25 м | 2:05:67
200 м на спине | M45-49 | 25 м | 2:10:23
200 м на спине | M50-54 | 25 м | 2:13:92
200 м на спине | M55-59 | 25 м | 2:17:82
200 м на спине | M60-64 | 25 м | 2:25:48
200 м на спине | M65-69 | 25 м | 2:35:96
200 м на спине | M70-74 | 25 м | 2:47:74
200 м на спине | M75-79 | 25 м | 3:04:04
200 м на спине | M80-84 | 25 м | 3:23:14
200 м на спине | M85-89 | 25 м | 3:59:31
200 м на спине | M90-94 | 25 м | 4:49:27
200 м на спине | M95-99 | 25 м | 5:41:83
200 м на спине | F25-29 | 25 м | 2:15:62
200 м на спине | F30-34 | 25 м | 2:15:62
200 м на спине | F35-39 | 25 м | 2:17:44
200 м на спине | F40-44 | 25 м | 2:20:72
200 м на спине | F45-49 | 25 м | 2:24:22
200 м на спине | F50-54 | 25 м | 2:27:25
200 м на спине | F55-59 | 25 м | 2:34:73
200 м на спине | F60-64 | 25 м | 2:42:92
200 м на спине | F65-69 | 25 м | 2:56:10
200 м на спине | F70-74 | 25 м | 3:11:74
200 м на спине | F75-79 | 25 м | 3:31:31
200 м на спине | F80-84 | 25 м | 4:03:57
200 м на спине | F85-89 | 25 м | 4:30:19
200 м на спине | F90-94 | 25 м | 5:34:38
200 м на спине | F95-99 | 25 м | 6:51:94
200 м на спине | F100-104 | 25 м | 7:32:38
50 м брасс | M25-29 | 25 м | 00:27:24
50 м брасс | M30-34 | 25 м | 00:27:39
50 м брасс | M35-39 | 25 м | 00:28:11
50 м брасс | M40-44 | 25 м | 00:28:68
50 м брасс | M45-49 | 25 м | 00:29:04
50 м брасс | M50-54 | 25 м | 00:29:95
50 м брасс | M55-59 | 25 м | 00:31:16
50 м брасс | M60-64 | 25 м | 00:32:40
50 м брасс | M65-69 | 25 м | 00:33:89
50 м брасс | M70-74 | 25 м | 00:36:94
50 м брасс | M75-79 | 25 м | 00:40:33
50 м брасс | M80-84 | 25 м | 00:43:98
50 м брасс | M85-89 | 25 м | 00:49:11
50 м брасс | M90-94 | 25 м | 00:58:34
50 м брасс | M95-99 | 25 м | 1:10:85
50 м брасс | M100-104 | 25 м | 1:26:79
50 м брасс | F25-29 | 25 м | 00:31:71
50 м брасс | F30-34 | 25 м | 00:31:77
50 м брасс | F35-39 | 25 м | 00:32:47
50 м брасс | F40-44 | 25 м | 00:32:99
50 м брасс | F45-49 | 25 м | 00:33:93
50 м брасс | F50-54 | 25 м | 00:35:12
50 м брасс | F55-59 | 25 м | 00:36:45
50 м брасс | F60-64 | 25 м | 00:38:42
50 м брасс | F65-69 | 25 м | 00:41:53
50 м брасс | F70-74 | 25 м | 00:44:55
50 м брасс | F75-79 | 25 м | 00:47:57
50 м брасс | F80-84 | 25 м | 00:51:91
50 м брасс | F85-89 | 25 м | 1:00:57
50 м брасс | F90-94 | 25 м | 1:19:06
50 м брасс | F95-99 | 25 м | 1:29:22
100 м брасс | M25-29 | 25 м | 00:59:90
100 м брасс | M30-34 | 25 м | 1:00:38
100 м брасс | M35-39 | 25 м | 1:01:62
100 м брасс | M40-44 | 25 м | 1:02:75
100 м брасс | M45-49 | 25 м | 1:03:90
100 м брасс | M50-54 | 25 м | 1:05:83
100 м брасс | M55-59 | 25 м | 1:09:02
100 м брасс | M60-64 | 25 м | 1:12:01
100 м брасс | M65-69 | 25 м | 1:16:74
100 м брасс | M70-74 | 25 м | 1:22:93
100 м брасс | M75-79 | 25 м | 1:30:40
100 м брасс | M80-84 | 25 м | 1:38:23
100 м брасс | M85-89 | 25 м | 1:52:84
100 м брасс | M90-94 | 25 м | 2:19:63
100 м брасс | M95-99 | 25 м | 2:45:71
100 м брасс | F25-29 | 25 м | 1:09:22
100 м брасс | F30-34 | 25 м | 1:10:21
100 м брасс | F35-39 | 25 м | 1:10:68
100 м брасс | F40-44 | 25 м | 1:11:41
100 м брасс | F45-49 | 25 м | 1:13:44
100 м брасс | F50-54 | 25 м | 1:17:02
100 м брасс | F55-59 | 25 м | 1:19:77
100 м брасс | F60-64 | 25 м | 1:25:13
100 м брасс | F65-69 | 25 м | 1:31:46
100 м брасс | F70-74 | 25 м | 1:38:20
100 м брасс | F75-79 | 25 м | 1:43:88
100 м брасс | F80-84 | 25 м | 1:55:82
100 м брасс | F85-89 | 25 м | 2:20:50
100 м брасс | F90-94 | 25 м | 3:05:13
100 м брасс | F95-99 | 25 м | 3:22:68
200 м брасс | M25-29 | 25 м | 2:12:29
200 м брасс | M30-34 | 25 м | 2:13:05
200 м брасс | M35-39 | 25 м | 2:16:93
200 м брасс | M40-44 | 25 м | 2:18:14
200 м брасс | M45-49 | 25 м | 2:21:72
200 м брасс | M50-54 | 25 м | 2:25:94
200 м брасс | M55-59 | 25 м | 2:33:53
200 м брасс | M60-64 | 25 м | 2:41:35
200 м брасс | M65-69 | 25 м | 2:53:42
200 м брасс | M70-74 | 25 м | 3:05:93
200 м брасс | M75-79 | 25 м | 3:22:20
200 м брасс | M80-84 | 25 м | 3:43:79
200 м брасс | M85-89 | 25 м | 4:25:62
200 м брасс | M90-94 | 25 м | 5:48:60
200 м брасс | M95-99 | 25 м | 6:17:64
200 м брасс | F25-29 | 25 м | 2:30:97
200 м брасс | F30-34 | 25 м | 2:33:91
200 м брасс | F35-39 | 25 м | 2:35:95
200 м брасс | F40-44 | 25 м | 2:37:68
200 м брасс | F45-49 | 25 м | 2:43:57
200 м брасс | F50-54 | 25 м | 2:50:08
200 м брасс | F55-59 | 25 м | 2:57:71
200 м брасс | F60-64 | 25 м | 3:06:12
200 м брасс | F65-69 | 25 м | 3:19:04
200 м брасс | F70-74 | 25 м | 3:35:26
200 м брасс | F75-79 | 25 м | 3:48:65
200 м брасс | F80-84 | 25 м | 4:12:90
200 м брасс | F85-89 | 25 м | 5:17:13
200 м брасс | F90-94 | 25 м | 6:09:29
200 м брасс | F95-99 | 25 м | 7:20:95
50 м баттерфляй | M25-29 | 25 м | 00:23:52
50 м баттерфляй | M30-34 | 25 м | 00:23:88
50 м баттерфляй | M35-39 | 25 м | 00:23:74
50 м баттерфляй | M40-44 | 25 м | 00:24:79
50 м баттерфляй | M45-49 | 25 м | 00:25:32
50 м баттерфляй | M50-54 | 25 м | 00:26:06
50 м баттерфляй | M55-59 | 25 м | 00:26:74
50 м баттерфляй | M60-64 | 25 м | 00:27:91
50 м баттерфляй | M65-69 | 25 м | 00:29:57
50 м баттерфляй | M70-74 | 25 м | 00:31:75
50 м баттерфляй | M75-79 | 25 м | 00:34:17
50 м баттерфляй | M80-84 | 25 м | 00:39:46
50 м баттерфляй | M85-89 | 25 м | 00:47:74
50 м баттерфляй | M90-94 | 25 м | 00:56:85
50 м баттерфляй | M95-99 | 25 м | 1:09:20
50 м баттерфляй | F25-29 | 25 м | 00:26:91
50 м баттерфляй | F30-34 | 25 м | 00:27:45
50 м баттерфляй | F35-39 | 25 м | 00:28:10
50 м баттерфляй | F40-44 | 25 м | 00:28:57
50 м баттерфляй | F45-49 | 25 м | 00:28:96
50 м баттерфляй | F50-54 | 25 м | 00:29:87
50 м баттерфляй | F55-59 | 25 м | 00:30:78
50 м баттерфляй | F60-64 | 25 м | 00:32:41
50 м баттерфляй | F65-69 | 25 м | 00:34:81
50 м баттерфляй | F70-74 | 25 м | 00:37:56
50 м баттерфляй | F75-79 | 25 м | 00:43:03
50 м баттерфляй | F80-84 | 25 м | 00:50:81
50 м баттерфляй | F85-89 | 25 м | 1:02:47
50 м баттерфляй | F90-94 | 25 м | 1:17:20
50 м баттерфляй | F95-99 | 25 м | 1:35:93
100 м баттерфляй | M25-29 | 25 м | 00:52:73
100 м баттерфляй | M30-34 | 25 м | 00:53:37
100 м баттерфляй | M35-39 | 25 м | 00:54:46
100 м баттерфляй | M40-44 | 25 м | 00:56:05
100 м баттерфляй | M45-49 | 25 м | 00:56:53
100 м баттерфляй | M50-54 | 25 м | 00:58:67
100 м баттерфляй | M55-59 | 25 м | 1:00:58
100 м баттерфляй | M60-64 | 25 м | 1:03:74
100 м баттерфляй | M65-69 | 25 м | 1:07:58
100 м баттерфляй | M70-74 | 25 м | 1:14:47
100 м баттерфляй | M75-79 | 25 м | 1:24:66
100 м баттерфляй | M80-84 | 25 м | 1:37:37
100 м баттерфляй | M85-89 | 25 м | 2:09:71
100 м баттерфляй | M90-94 | 25 м | 2:30:62
100 м баттерфляй | M95-99 | 25 м | 3:07:21
100 м баттерфляй | F25-29 | 25 м | 1:00:28
100 м баттерфляй | F30-34 | 25 м | 1:00:81
100 м баттерфляй | F35-39 | 25 м | 1:02:64
100 м баттерфляй | F40-44 | 25 м | 1:04:30
100 м баттерфляй | F45-49 | 25 м | 1:05:30
100 м баттерфляй | F50-54 | 25 м | 1:08:04
100 м баттерфляй | F55-59 | 25 м | 1:10:44
100 м баттерфляй | F60-64 | 25 м | 1:14:00
100 м баттерфляй | F65-69 | 25 м | 1:21:44
100 м баттерфляй | F70-74 | 25 м | 1:30:25
100 м баттерфляй | F75-79 | 25 м | 1:48:87
100 м баттерфляй | F80-84 | 25 м | 2:05:94
100 м баттерфляй | F85-89 | 25 м | 2:50:62
100 м баттерфляй | F90-94 | 25 м | 3:18:97
200 м баттерфляй | M25-29 | 25 м | 1:59:09
200 м баттерфляй | M30-34 | 25 м | 2:00:82
200 м баттерфляй | M35-39 | 25 м | 2:04:47
200 м баттерфляй | M40-44 | 25 м | 2:05:48
200 м баттерфляй | M45-49 | 25 м | 2:08:58
200 м баттерфляй | M50-54 | 25 м | 2:11:97
200 м баттерфляй | M55-59 | 25 м | 2:19:58
200 м баттерфляй | M60-64 | 25 м | 2:28:65
200 м баттерфляй | M65-69 | 25 м | 2:39:67
200 м баттерфляй | M70-74 | 25 м | 2:58:71
200 м баттерфляй | M75-79 | 25 м | 3:26:24
200 м баттерфляй | M80-84 | 25 м | 3:56:73
200 м баттерфляй | M85-89 | 25 м | 5:24:72
200 м баттерфляй | M90-94 | 25 м | 6:17:65
200 м баттерфляй | M95-99 | 25 м | 7:54:71
200 м баттерфляй | F25-29 | 25 м | 2:17:38
200 м баттерфляй | F30-34 | 25 м | 2:20:22
200 м баттерфляй | F35-39 | 25 м | 2:20:37
200 м баттерфляй | F40-44 | 25 м | 2:24:66
200 м баттерфляй | F45-49 | 25 м | 2:27:50
200 м баттерфляй | F50-54 | 25 м | 2:32:01
200 м баттерфляй | F55-59 | 25 м | 2:36:98
200 м баттерфляй | F60-64 | 25 м | 2:52:75
200 м баттерфляй | F65-69 | 25 м | 3:12:22
200 м баттерфляй | F70-74 | 25 м | 3:37:24
200 м баттерфляй | F75-79 | 25 м | 4:10:22
200 м баттерфляй | F80-84 | 25 м | 5:16:68
200 м баттерфляй | F85-89 | 25 м | 6:14:84
200 м баттерфляй | F90-94 | 25 м | 7:53:14
100 м комплексное плавание | M25-29 | 25 м | 00:54:38
100 м комплексное плавание | M30-34 | 25 м | 00:55:17
100 м комплексное плавание | M35-39 | 25 м | 00:55:73
100 м комплексное плавание | M40-44 | 25 м | 00:57:76
100 м комплексное плавание | M45-49 | 25 м | 00:59:04
100 м комплексное плавание | M50-54 | 25 м | 1:00:74
100 м комплексное плавание | M55-59 | 25 м | 1:02:70
100 м комплексное плавание | M60-64 | 25 м | 1:06:79
100 м комплексное плавание | M65-69 | 25 м | 1:10:64
100 м комплексное плавание | M70-74 | 25 м | 1:15:01
100 м комплексное плавание | M75-79 | 25 м | 1:22:98
100 м комплексное плавание | M80-84 | 25 м | 1:31:72
100 м комплексное плавание | M85-89 | 25 м | 1:48:03
100 м комплексное плавание | M90-94 | 25 м | 2:21:04
100 м комплексное плавание | M95-99 | 25 м | 2:35:79
100 м комплексное плавание | F25-29 | 25 м | 1:03:05
100 м комплексное плавание | F30-34 | 25 м | 1:03:27
100 м комплексное плавание | F35-39 | 25 м | 1:05:37
100 м комплексное плавание | F40-44 | 25 м | 1:05:73
100 м комплексное плавание | F45-49 | 25 м | 1:06:70
100 м комплексное плавание | F50-54 | 25 м | 1:09:00
100 м комплексное плавание | F55-59 | 25 м | 1:11:71
100 м комплексное плавание | F60-64 | 25 м | 1:15:79
100 м комплексное плавание | F65-69 | 25 м | 1:21:16
100 м комплексное плавание | F70-74 | 25 м | 1:26:05
100 м комплексное плавание | F75-79 | 25 м | 1:37:85
100 м комплексное плавание | F80-84 | 25 м | 1:49:79
100 м комплексное плавание | F85-89 | 25 м | 2:09:98
100 м комплексное плавание | F90-94 | 25 м | 2:35:74
100 м комплексное плавание | F95-99 | 25 м | 3:06:13
200 м комплексное плавание | M25-29 | 25 м | 1:59:86
200 м комплексное плавание | M30-34 | 25 м | 2:00:21
200 м комплексное плавание | M35-39 | 25 м | 2:04:87
200 м комплексное плавание | M40-44 | 25 м | 2:07:45
200 м комплексное плавание | M45-49 | 25 м | 2:11:07
200 м комплексное плавание | M50-54 | 25 м | 2:13:90
200 м комплексное плавание | M55-59 | 25 м | 2:18:36
200 м комплексное плавание | M60-64 | 25 м | 2:26:51
200 м комплексное плавание | M65-69 | 25 м | 2:35:83
200 м комплексное плавание | M70-74 | 25 м | 2:45:50
200 м комплексное плавание | M75-79 | 25 м | 3:07:47
200 м комплексное плавание | M80-84 | 25 м | 3:28:69
200 м комплексное плавание | M85-89 | 25 м | 4:08:34
200 м комплексное плавание | M90-94 | 25 м | 5:05:58
200 м комплексное плавание | M95-99 | 25 м | 6:06:60
200 м комплексное плавание | F25-29 | 25 м | 2:18:61
200 м комплексное плавание | F30-34 | 25 м | 2:19:08
200 м комплексное плавание | F35-39 | 25 м | 2:22:00
200 м комплексное плавание | F40-44 | 25 м | 2:23:13
200 м комплексное плавание | F45-49 | 25 м | 2:27:83
200 м комплексное плавание | F50-54 | 25 м | 2:31:58
200 м комплексное плавание | F55-59 | 25 м | 2:35:37
200 м комплексное плавание | F60-64 | 25 м | 2:45:47
200 м комплексное плавание | F65-69 | 25 м | 3:00:76
200 м комплексное плавание | F70-74 | 25 м | 3:13:58
200 м комплексное плавание | F75-79 | 25 м | 3:37:37
200 м комплексное плавание | F80-84 | 25 м | 4:12:47
200 м комплексное плавание | F85-89 | 25 м | 4:52:00
200 м комплексное плавание | F90-94 | 25 м | 5:56:15
200 м комплексное плавание | F95-99 | 25 м | 7:07:90
400 м комплексное плавание | M25-29 | 25 м | 4:23:76
400 м комплексное плавание | M30-34 | 25 м | 4:25:24
400 м комплексное плавание | M35-39 | 25 м | 4:29:66
400 м комплексное плавание | M40-44 | 25 м | 4:33:74
400 м комплексное плавание | M45-49 | 25 м | 4:42:90
400 м комплексное плавание | M50-54 | 25 м | 4:49:68
400 м комплексное плавание | M55-59 | 25 м | 5:02:87
400 м комплексное плавание | M60-64 | 25 м | 5:19:97
400 м комплексное плавание | M65-69 | 25 м | 5:40:10
400 м комплексное плавание | M70-74 | 25 м | 6:09:03
400 м комплексное плавание | M75-79 | 25 м | 6:55:22
400 м комплексное плавание | M80-84 | 25 м | 7:41:58
400 м комплексное плавание | M85-89 | 25 м | 9:46:54
400 м комплексное плавание | M90-94 | 25 м | 11:19:01
400 м комплексное плавание | F25-29 | 25 м | 4:51:67
400 м комплексное плавание | F30-34 | 25 м | 4:53:67
400 м комплексное плавание | F35-39 | 25 м | 5:04:22
400 м комплексное плавание | F40-44 | 25 м | 5:06:71
400 м комплексное плавание | F45-49 | 25 м | 5:20:22
400 м комплексное плавание | F50-54 | 25 м | 5:26:60
400 м комплексное плавание | F55-59 | 25 м | 5:34:17
400 м комплексное плавание | F60-64 | 25 м | 5:57:18
400 м комплексное плавание | F65-69 | 25 м | 6:27:87
400 м комплексное плавание | F70-74 | 25 м | 7:12:04
400 м комплексное плавание | F75-79 | 25 м | 7:55:94
400 м комплексное плавание | F80-84 | 25 м | 9:22:10
400 м комплексное плавание | F85-89 | 25 м | 11:41:33
400 м комплексное плавание | F90-94 | 25 м | 13:24:92
50 м вольный стиль | M25-29 | 50 м | 00:22:74
50 м вольный стиль | M30-34 | 50 м | 00:22:85
50 м вольный стиль | M35-39 | 50 м | 00:23:28
50 м вольный стиль | M40-44 | 50 м | 00:23:64
50 м вольный стиль | M45-49 | 50 м | 00:24:16
50 м вольный стиль | M50-54 | 50 м | 00:24:70
50 м вольный стиль | M55-59 | 50 м | 00:25:23
50 м вольный стиль | M60-64 | 50 м | 00:26:08
50 м вольный стиль | M65-69 | 50 м | 00:27:42
50 м вольный стиль | M70-74 | 50 м | 00:28:95
50 м вольный стиль | M75-79 | 50 м | 00:30:95
50 м вольный стиль | M80-84 | 50 м | 00:33:81
50 м вольный стиль | M85-89 | 50 м | 00:37:56
50 м вольный стиль | M90-94 | 50 м | 00:45:19
50 м вольный стиль | M95-99 | 50 м | 00:50:62
50 м вольный стиль | M100-104 | 50 м | 2:06:08
50 м вольный стиль | F25-29 | 50 м | 00:26:16
50 м вольный стиль | F30-34 | 50 м | 00:26:19
50 м вольный стиль | F35-39 | 50 м | 00:26:67
50 м вольный стиль | F40-44 | 50 м | 00:26:85
50 м вольный стиль | F45-49 | 50 м | 00:27:38
50 м вольный стиль | F50-54 | 50 м | 00:27:98
50 м вольный стиль | F55-59 | 50 м | 00:28:87
50 м вольный стиль | F60-64 | 50 м | 00:29:85
50 м вольный стиль | F65-69 | 50 м | 00:31:39
50 м вольный стиль | F70-74 | 50 м | 00:33:68
50 м вольный стиль | F75-79 | 50 м | 00:36:60
50 м вольный стиль | F80-84 | 50 м | 00:40:36
50 м вольный стиль | F85-89 | 50 м | 00:47:75
50 м вольный стиль | F90-94 | 50 м | 00:56:58
50 м вольный стиль | F95-99 | 50 м | 1:04:95
50 м вольный стиль | F100-104 | 50 м | 3:10:25
100 м вольный стиль | M25-29 | 50 м | 00:50:38
100 м вольный стиль | M30-34 | 50 м | 00:50:71
100 м вольный стиль | M35-39 | 50 м | 00:51:84
100 м вольный стиль | M40-44 | 50 м | 00:52:65
100 м вольный стиль | M45-49 | 50 м | 00:53:95
100 м вольный стиль | M50-54 | 50 м | 00:54:87
100 м вольный стиль | M55-59 | 50 м | 00:56:53
100 м вольный стиль | M60-64 | 50 м | 00:58:82
100 м вольный стиль | M65-69 | 50 м | 1:01:96
100 м вольный стиль | M70-74 | 50 м | 1:06:39
100 м вольный стиль | M75-79 | 50 м | 1:10:55
100 м вольный стиль | M80-84 | 50 м | 1:17:64
100 м вольный стиль | M85-89 | 50 м | 1:28:84
100 м вольный стиль | M90-94 | 50 м | 1:51:06
100 м вольный стиль | M95-99 | 50 м | 2:02:07
100 м вольный стиль | M100-104 | 50 м | 3:29:60
100 м вольный стиль | F25-29 | 50 м | 00:57:15
100 м вольный стиль | F30-34 | 50 м | 00:57:39
100 м вольный стиль | F35-39 | 50 м | 00:58:97
100 м вольный стиль | F40-44 | 50 м | 00:59:67
100 м вольный стиль | F45-49 | 50 м | 1:00:37
100 м вольный стиль | F50-54 | 50 м | 1:01:99
100 м вольный стиль | F55-59 | 50 м | 1:03:89
100 м вольный стиль | F60-64 | 50 м | 1:06:73
100 м вольный стиль | F65-69 | 50 м | 1:09:92
100 м вольный стиль | F70-74 | 50 м | 1:15:91
100 м вольный стиль | F75-79 | 50 м | 1:24:77
100 м вольный стиль | F80-84 | 50 м | 1:34:18
100 м вольный стиль | F85-89 | 50 м | 1:49:90
100 м вольный стиль | F90-94 | 50 м | 2:11:51
100 м вольный стиль | F95-99 | 50 м | 2:36:86
100 м вольный стиль | F100-104 | 50 м | 4:58:03
200 м вольный стиль | M25-29 | 50 м | 1:52:29
200 м вольный стиль | M30-34 | 50 м | 1:53:45
200 м вольный стиль | M35-39 | 50 м | 1:55:66
200 м вольный стиль | M40-44 | 50 м | 1:56:84
200 м вольный стиль | M45-49 | 50 м | 1:59:48
200 м вольный стиль | M50-54 | 50 м | 2:02:13
200 м вольный стиль | M55-59 | 50 м | 2:05:69
200 м вольный стиль | M60-64 | 50 м | 2:11:17
200 м вольный стиль | M65-69 | 50 м | 2:20:62
200 м вольный стиль | M70-74 | 50 м | 2:29:03
200 м вольный стиль | M75-79 | 50 м | 2:42:51
200 м вольный стиль | M80-84 | 50 м | 2:56:08
200 м вольный стиль | M85-89 | 50 м | 3:22:62
200 м вольный стиль | M90-94 | 50 м | 4:10:34
200 м вольный стиль | M95-99 | 50 м | 4:44:84
200 м вольный стиль | F25-29 | 50 м | 2:04:95
200 м вольный стиль | F30-34 | 50 м | 2:05:76
200 м вольный стиль | F35-39 | 50 м | 2:08:21
200 м вольный стиль | F40-44 | 50 м | 2:11:30
200 м вольный стиль | F45-49 | 50 м | 2:13:01
200 м вольный стиль | F50-54 | 50 м | 2:15:84
200 м вольный стиль | F55-59 | 50 м | 2:19:21
200 м вольный стиль | F60-64 | 50 м | 2:27:91
200 м вольный стиль | F65-69 | 50 м | 2:37:47
200 м вольный стиль | F70-74 | 50 м | 2:52:70
200 м вольный стиль | F75-79 | 50 м | 3:09:39
200 м вольный стиль | F80-84 | 50 м | 3:31:97
200 м вольный стиль | F85-89 | 50 м | 4:00:93
200 м вольный стиль | F90-94 | 50 м | 4:52:99
200 м вольный стиль | F95-99 | 50 м | 6:02:33
200 м вольный стиль | F100-104 | 50 м | 10:01:32
400 м вольный стиль | M25-29 | 50 м | 4:00:62
400 м вольный стиль | M30-34 | 50 м | 4:02:45
400 м вольный стиль | M35-39 | 50 м | 4:08:76
400 м вольный стиль | M40-44 | 50 м | 4:12:20
400 м вольный стиль | M45-49 | 50 м | 4:15:25
400 м вольный стиль | M50-54 | 50 м | 4:20:30
400 м вольный стиль | M55-59 | 50 м | 4:29:65
400 м вольный стиль | M60-64 | 50 м | 4:40:64
400 м вольный стиль | M65-69 | 50 м | 5:02:01
400 м вольный стиль | M70-74 | 50 м | 5:22:00
400 м вольный стиль | M75-79 | 50 м | 5:48:35
400 м вольный стиль | M80-84 | 50 м | 6:23:49
400 м вольный стиль | M85-89 | 50 м | 7:24:44
400 м вольный стиль | M90-94 | 50 м | 9:20:31
400 м вольный стиль | M95-99 | 50 м | 10:04:64
400 м вольный стиль | F25-29 | 50 м | 4:20:71
400 м вольный стиль | F30-34 | 50 м | 4:26:08
400 м вольный стиль | F35-39 | 50 м | 4:31:64
400 м вольный стиль | F40-44 | 50 м | 4:32:17
400 м вольный стиль | F45-49 | 50 м | 4:38:76
400 м вольный стиль | F50-54 | 50 м | 4:44:80
400 м вольный стиль | F55-59 | 50 м | 4:52:22
400 м вольный стиль | F60-64 | 50 м | 5:14:68
400 м вольный стиль | F65-69 | 50 м | 5:32:88
400 м вольный стиль | F70-74 | 50 м | 6:09:28
400 м вольный стиль | F75-79 | 50 м | 6:45:03
400 м вольный стиль | F80-84 | 50 м | 7:36:58
400 м вольный стиль | F85-89 | 50 м | 8:23:26
400 м вольный стиль | F90-94 | 50 м | 10:35:20
400 м вольный стиль | F95-99 | 50 м | 12:56:38
400 м вольный стиль | F100-104 | 50 м | 17:50:90
800 м вольный стиль | M25-29 | 50 м | 8:24:71
800 м вольный стиль | M30-34 | 50 м | 8:22:56
800 м вольный стиль | M35-39 | 50 м | 8:39:02
800 м вольный стиль | M40-44 | 50 м | 8:42:72
800 м вольный стиль | M45-49 | 50 м | 8:53:42
800 м вольный стиль | M50-54 | 50 м | 9:01:69
800 м вольный стиль | M55-59 | 50 м | 9:19:39
800 м вольный стиль | M60-64 | 50 м | 9:42:95
800 м вольный стиль | M65-69 | 50 м | 10:34:26
800 м вольный стиль | M70-74 | 50 м | 11:15:94
800 м вольный стиль | M75-79 | 50 м | 12:18:33
800 м вольный стиль | M80-84 | 50 м | 13:33:18
800 м вольный стиль | M85-89 | 50 м | 15:41:93
800 м вольный стиль | M90-94 | 50 м | 19:32:19
800 м вольный стиль | M95-99 | 50 м | 21:19:22
800 м вольный стиль | F25-29 | 50 м | 8:59:44
800 м вольный стиль | F30-34 | 50 м | 9:10:14
800 м вольный стиль | F35-39 | 50 м | 9:20:43
800 м вольный стиль | F40-44 | 50 м | 9:23:16
800 м вольный стиль | F45-49 | 50 м | 9:32:39
800 м вольный стиль | F50-54 | 50 м | 9:51:00
800 м вольный стиль | F55-59 | 50 м | 10:05:75
800 м вольный стиль | F60-64 | 50 м | 10:47:94
800 м вольный стиль | F65-69 | 50 м | 11:29:13
800 м вольный стиль | F70-74 | 50 м | 12:32:06
800 м вольный стиль | F75-79 | 50 м | 14:05:28
800 м вольный стиль | F80-84 | 50 м | 15:51:45
800 м вольный стиль | F85-89 | 50 м | 17:57:84
800 м вольный стиль | F90-94 | 50 м | 23:22:82
800 м вольный стиль | F95-99 | 50 м | 28:46:37
800 м вольный стиль | F100-104 | 50 м | 40:54:11
1500 м вольный стиль | M25-29 | 50 м | 16:17:43
1500 м вольный стиль | M30-34 | 50 м | 16:27:68
1500 м вольный стиль | M35-39 | 50 м | 16:39:78
1500 м вольный стиль | M40-44 | 50 м | 16:45:53
1500 м вольный стиль | M45-49 | 50 м | 17:07:17
1500 м вольный стиль | M50-54 | 50 м | 17:37:45
1500 м вольный стиль | M55-59 | 50 м | 18:06:45
1500 м вольный стиль | M60-64 | 50 м | 18:45:58
1500 м вольный стиль | M65-69 | 50 м | 20:12:16
1500 м вольный стиль | M70-74 | 50 м | 21:44:68
1500 м вольный стиль | M75-79 | 50 м | 23:48:41
1500 м вольный стиль | M80-84 | 50 м | 26:11:03
1500 м вольный стиль | M85-89 | 50 м | 30:16:40
1500 м вольный стиль | M90-94 | 50 м | 38:14:22
1500 м вольный стиль | M95-99 | 50 м | 42:01:96
1500 м вольный стиль | F25-29 | 50 м | 17:17:03
1500 м вольный стиль | F30-34 | 50 м | 17:39:61
1500 м вольный стиль | F35-39 | 50 м | 17:56:05
1500 м вольный стиль | F40-44 | 50 м | 18:02:04
1500 м вольный стиль | F45-49 | 50 м | 18:25:84
1500 м вольный стиль | F50-54 | 50 м | 18:58:03
1500 м вольный стиль | F55-59 | 50 м | 19:20:60
1500 м вольный стиль | F60-64 | 50 м | 20:30:62
1500 м вольный стиль | F65-69 | 50 м | 22:01:36
1500 м вольный стиль | F70-74 | 50 м | 24:40:58
1500 м вольный стиль | F75-79 | 50 м | 27:56:15
1500 м вольный стиль | F80-84 | 50 м | 30:40:59
1500 м вольный стиль | F85-89 | 50 м | 36:08:46
1500 м вольный стиль | F90-94 | 50 м | 43:20:43
1500 м вольный стиль | F95-99 | 50 м | 52:12:05
1500 м вольный стиль | F100-104 | 50 м | 1:19:40
50 м на спине | M25-29 | 50 м | 00:26:09
50 м на спине | M30-34 | 50 м | 00:26:34
50 м на спине | M35-39 | 50 м | 00:26:77
50 м на спине | M40-44 | 50 м | 00:27:42
50 м на спине | M45-49 | 50 м | 00:28:04
50 м на спине | M50-54 | 50 м | 00:28:91
50 м на спине | M55-59 | 50 м | 00:29:91
50 м на спине | M60-64 | 50 м | 00:31:53
50 м на спине | M65-69 | 50 м | 00:32:88
50 м на спине | M70-74 | 50 м | 00:35:00
50 м на спине | M75-79 | 50 м | 00:38:02
50 м на спине | M80-84 | 50 м | 00:41:43
50 м на спине | M85-89 | 50 м | 00:45:59
50 м на спине | M90-94 | 50 м | 00:55:92
50 м на спине | M95-99 | 50 м | 1:09:82
50 м на спине | M100-104 | 50 м | 2:01:67
50 м на спине | F25-29 | 50 м | 00:29:45
50 м на спине | F30-34 | 50 м | 00:29:72
50 м на спине | F35-39 | 50 м | 00:30:83
50 м на спине | F40-44 | 50 м | 00:31:17
50 м на спине | F45-49 | 50 м | 00:31:71
50 м на спине | F50-54 | 50 м | 00:32:87
50 м на спине | F55-59 | 50 м | 00:33:52
50 м на спине | F60-64 | 50 м | 00:35:50
50 м на спине | F65-69 | 50 м | 00:37:13
50 м на спине | F70-74 | 50 м | 00:40:59
50 м на спине | F75-79 | 50 м | 00:43:44
50 м на спине | F80-84 | 50 м | 00:49:51
50 м на спине | F85-89 | 50 м | 00:56:97
50 м на спине | F90-94 | 50 м | 1:09:35
50 м на спине | F95-99 | 50 м | 1:21:43
50 м на спине | F100-104 | 50 м | 2:21:11
100 м на спине | M25-29 | 50 м | 00:56:40
100 м на спине | M30-34 | 50 м | 00:57:22
100 м на спине | M35-39 | 50 м | 00:58:92
100 м на спине | M40-44 | 50 м | 00:59:87
100 м на спине | M45-49 | 50 м | 1:01:21
100 м на спине | M50-54 | 50 м | 1:02:83
100 м на спине | M55-59 | 50 м | 1:06:24
100 м на спине | M60-64 | 50 м | 1:08:65
100 м на спине | M65-69 | 50 м | 1:13:02
100 м на спине | M70-74 | 50 м | 1:17:77
100 м на спине | M75-79 | 50 м | 1:25:75
100 м на спине | M80-84 | 50 м | 1:35:09
100 м на спине | M85-89 | 50 м | 1:47:89
100 м на спине | M90-94 | 50 м | 2:11:02
100 м на спине | M95-99 | 50 м | 2:43:12
100 м на спине | M100-104 | 50 м | 5:30:54
100 м на спине | F25-29 | 50 м | 1:04:38
100 м на спине | F30-34 | 50 м | 1:04:70
100 м на спине | F35-39 | 50 м | 1:06:38
100 м на спине | F40-44 | 50 м | 1:07:56
100 м на спине | F45-49 | 50 м | 1:08:64
100 м на спине | F50-54 | 50 м | 1:11:20
100 м на спине | F55-59 | 50 м | 1:13:39
100 м на спине | F60-64 | 50 м | 1:17:84
100 м на спине | F65-69 | 50 м | 1:23:57
100 м на спине | F70-74 | 50 м | 1:30:03
100 м на спине | F75-79 | 50 м | 1:37:63
100 м на спине | F80-84 | 50 м | 1:49:59
100 м на спине | F85-89 | 50 м | 2:07:96
100 м на спине | F90-94 | 50 м | 2:38:70
100 м на спине | F95-99 | 50 м | 3:09:79
100 м на спине | F100-104 | 50 м | 5:12:14
200 м на спине | M25-29 | 50 м | 2:05:29
200 м на спине | M30-34 | 50 м | 2:05:96
200 м на спине | M35-39 | 50 м | 2:09:46
200 м на спине | M40-44 | 50 м | 2:12:14
200 м на спине | M45-49 | 50 м | 2:15:42
200 м на спине | M50-54 | 50 м | 2:18:65
200 м на спине | M55-59 | 50 м | 2:24:72
200 м на спине | M60-64 | 50 м | 2:30:84
200 м на спине | M65-69 | 50 м | 2:42:57
200 м на спине | M70-74 | 50 м | 2:53:45
200 м на спине | M75-79 | 50 м | 3:09:59
200 м на спине | M80-84 | 50 м | 3:30:41
200 м на спине | M85-89 | 50 м | 4:02:52
200 м на спине | M90-94 | 50 м | 4:47:48
200 м на спине | M95-99 | 50 м | 5:49:12
200 м на спине | M100-104 | 50 м | 9:44:77
200 м на спине | F25-29 | 50 м | 2:19:66
200 м на спине | F30-34 | 50 м | 2:20:73
200 м на спине | F35-39 | 50 м | 2:22:73
200 м на спине | F40-44 | 50 м | 2:26:16
200 м на спине | F45-49 | 50 м | 2:30:43
200 м на спине | F50-54 | 50 м | 2:33:86
200 м на спине | F55-59 | 50 м | 2:42:07
200 м на спине | F60-64 | 50 м | 2:49:36
200 м на спине | F65-69 | 50 м | 3:03:62
200 м на спине | F70-74 | 50 м | 3:17:40
200 м на спине | F75-79 | 50 м | 3:34:30
200 м на спине | F80-84 | 50 м | 3:58:25
200 м на спине | F85-89 | 50 м | 4:37:96
200 м на спине | F90-94 | 50 м | 5:44:59
200 м на спине | F95-99 | 50 м | 7:00:08
200 м на спине | F100-104 | 50 м | 7:56:07
50 м брасс | M25-29 | 50 м | 00:27:78
50 м брасс | M30-34 | 50 м | 00:28:54
50 м брасс | M35-39 | 50 м | 00:28:85
50 м брасс | M40-44 | 50 м | 00:29:29
50 м брасс | M45-49 | 50 м | 00:29:65
50 м брасс | M50-54 | 50 м | 00:30:67
50 м брасс | M55-59 | 50 м | 00:31:59
50 м брасс | M60-64 | 50 м | 00:33:21
50 м брасс | M65-69 | 50 м | 00:34:56
50 м брасс | M70-74 | 50 м | 00:37:83
50 м брасс | M75-79 | 50 м | 00:41:07
50 м брасс | M80-84 | 50 м | 00:44:33
50 м брасс | M85-89 | 50 м | 00:50:19
50 м брасс | M90-94 | 50 м | 1:02:54
50 м брасс | M95-99 | 50 м | 1:13:11
50 м брасс | F25-29 | 50 м | 00:32:45
50 м брасс | F30-34 | 50 м | 00:32:76
50 м брасс | F35-39 | 50 м | 00:33:24
50 м брасс | F40-44 | 50 м | 00:33:52
50 м брасс | F45-49 | 50 м | 00:34:39
50 м брасс | F50-54 | 50 м | 00:36:18
50 м брасс | F55-59 | 50 м | 00:37:27
50 м брасс | F60-64 | 50 м | 00:38:79
50 м брасс | F65-69 | 50 м | 00:41:95
50 м брасс | F70-74 | 50 м | 00:44:63
50 м брасс | F75-79 | 50 м | 00:48:54
50 м брасс | F80-84 | 50 м | 00:52:07
50 м брасс | F85-89 | 50 м | 1:01:67
50 м брасс | F90-94 | 50 м | 1:14:86
50 м брасс | F95-99 | 50 м | 1:29:57
100 м брасс | M25-29 | 50 м | 1:01:90
100 м брасс | M30-34 | 50 м | 1:03:29
100 м брасс | M35-39 | 50 м | 1:04:42
100 м брасс | M40-44 | 50 м | 1:05:47
100 м брасс | M45-49 | 50 м | 1:06:37
100 м брасс | M50-54 | 50 м | 1:08:52
100 м брасс | M55-59 | 50 м | 1:11:27
100 м брасс | M60-64 | 50 м | 1:15:02
100 м брасс | M65-69 | 50 м | 1:19:23
100 м брасс | M70-74 | 50 м | 1:25:99
100 м брасс | M75-79 | 50 м | 1:33:03
100 м брасс | M80-84 | 50 м | 1:41:05
100 м брасс | M85-89 | 50 м | 1:56:37
100 м брасс | M90-94 | 50 м | 2:33:87
100 м брасс | M95-99 | 50 м | 2:52:05
100 м брасс | F25-29 | 50 м | 1:12:33
100 м брасс | F30-34 | 50 м | 1:12:78
100 м брасс | F35-39 | 50 м | 1:13:62
100 м брасс | F40-44 | 50 м | 1:13:89
100 м брасс | F45-49 | 50 м | 1:15:81
100 м брасс | F50-54 | 50 м | 1:20:33
100 м брасс | F55-59 | 50 м | 1:22:56
100 м брасс | F60-64 | 50 м | 1:26:99
100 м брасс | F65-69 | 50 м | 1:33:74
100 м брасс | F70-74 | 50 м | 1:40:16
100 м брасс | F75-79 | 50 м | 1:47:37
100 м брасс | F80-84 | 50 м | 1:56:59
100 м брасс | F85-89 | 50 м | 2:22:64
100 м брасс | F90-94 | 50 м | 3:07:37
100 м брасс | F95-99 | 50 м | 3:26:91
200 м брасс | M25-29 | 50 м | 2:17:14
200 м брасс | M30-34 | 50 м | 2:20:44
200 м брасс | M35-39 | 50 м | 2:22:55
200 м брасс | M40-44 | 50 м | 2:24:92
200 м брасс | M45-49 | 50 м | 2:27:60
200 м брасс | M50-54 | 50 м | 2:32:47
200 м брасс | M55-59 | 50 м | 2:39:64
200 м брасс | M60-64 | 50 м | 2:47:52
200 м брасс | M65-69 | 50 м | 2:59:92
200 м брасс | M70-74 | 50 м | 3:11:76
200 м брасс | M75-79 | 50 м | 3:29:19
200 м брасс | M80-84 | 50 м | 3:46:66
200 м брасс | M85-89 | 50 м | 4:19:37
200 м брасс | M90-94 | 50 м | 5:50:55
200 м брасс | M95-99 | 50 м | 6:35:90
200 м брасс | F25-29 | 50 м | 2:37:97
200 м брасс | F30-34 | 50 м | 2:39:13
200 м брасс | F35-39 | 50 м | 2:41:88
200 м брасс | F40-44 | 50 м | 2:42:41
200 м брасс | F45-49 | 50 м | 2:47:90
200 м брасс | F50-54 | 50 м | 2:55:36
200 м брасс | F55-59 | 50 м | 3:01:67
200 м брасс | F60-64 | 50 м | 3:13:03
200 м брасс | F65-69 | 50 м | 3:26:88
200 м брасс | F70-74 | 50 м | 3:38:57
200 м брасс | F75-79 | 50 м | 3:55:58
200 м брасс | F80-84 | 50 м | 4:18:52
200 м брасс | F85-89 | 50 м | 5:23:58
200 м брасс | F90-94 | 50 м | 6:53:02
200 м брасс | F95-99 | 50 м | 7:38:78
50 м баттерфляй | M25-29 | 50 м | 00:24:17
50 м баттерфляй | M30-34 | 50 м | 00:24:24
50 м баттерфляй | M35-39 | 50 м | 00:24:82
50 м баттерфляй | M40-44 | 50 м | 00:25:32
50 м баттерфляй | M45-49 | 50 м | 00:25:54
50 м баттерфляй | M50-54 | 50 м | 00:26:49
50 м баттерфляй | M55-59 | 50 м | 00:27:23
50 м баттерфляй | M60-64 | 50 м | 00:28:14
50 м баттерфляй | M65-69 | 50 м | 00:29:36
50 м баттерфляй | M70-74 | 50 м | 00:31:51
50 м баттерфляй | M75-79 | 50 м | 00:33:99
50 м баттерфляй | M80-84 | 50 м | 00:40:27
50 м баттерфляй | M85-89 | 50 м | 00:48:15
50 м баттерфляй | M90-94 | 50 м | 00:58:48
50 м баттерфляй | M95-99 | 50 м | 1:12:18
50 м баттерфляй | F25-29 | 50 м | 00:27:36
50 м баттерфляй | F30-34 | 50 м | 00:27:88
50 м баттерфляй | F35-39 | 50 м | 00:28:32
50 м баттерфляй | F40-44 | 50 м | 00:28:90
50 м баттерфляй | F45-49 | 50 м | 00:29:28
50 м баттерфляй | F50-54 | 50 м | 00:30:21
50 м баттерфляй | F55-59 | 50 м | 00:31:37
50 м баттерфляй | F60-64 | 50 м | 00:32:55
50 м баттерфляй | F65-69 | 50 м | 00:34:54
50 м баттерфляй | F70-74 | 50 м | 00:37:52
50 м баттерфляй | F75-79 | 50 м | 00:43:77
50 м баттерфляй | F80-84 | 50 м | 00:52:72
50 м баттерфляй | F85-89 | 50 м | 1:07:95
50 м баттерфляй | F90-94 | 50 м | 1:21:75
50 м баттерфляй | F95-99 | 50 м | 1:43:46
100 м баттерфляй | M25-29 | 50 м | 00:54:33
100 м баттерфляй | M30-34 | 50 м | 00:54:43
100 м баттерфляй | M35-39 | 50 м | 00:55:50
100 м баттерфляй | M40-44 | 50 м | 00:57:21
100 м баттерфляй | M45-49 | 50 м | 00:58:00
100 м баттерфляй | M50-54 | 50 м | 1:00:10
100 м баттерфляй | M55-59 | 50 м | 1:01:45
100 м баттерфляй | M60-64 | 50 м | 1:04:88
100 м баттерфляй | M65-69 | 50 м | 1:09:31
100 м баттерфляй | M70-74 | 50 м | 1:15:59
100 м баттерфляй | M75-79 | 50 м | 1:27:30
100 м баттерфляй | M80-84 | 50 м | 1:43:13
100 м баттерфляй | M85-89 | 50 м | 2:08:40
100 м баттерфляй | M90-94 | 50 м | 2:40:50
100 м баттерфляй | M95-99 | 50 м | 3:23:37
100 м баттерфляй | F25-29 | 50 м | 1:01:22
100 м баттерфляй | F30-34 | 50 м | 1:02:48
100 м баттерфляй | F35-39 | 50 м | 1:04:16
100 м баттерфляй | F40-44 | 50 м | 1:05:59
100 м баттерфляй | F45-49 | 50 м | 1:06:76
100 м баттерфляй | F50-54 | 50 м | 1:08:96
100 м баттерфляй | F55-59 | 50 м | 1:11:60
100 м баттерфляй | F60-64 | 50 м | 1:16:05
100 м баттерфляй | F65-69 | 50 м | 1:22:95
100 м баттерфляй | F70-74 | 50 м | 1:34:90
100 м баттерфляй | F75-79 | 50 м | 1:51:09
100 м баттерфляй | F80-84 | 50 м | 2:13:74
100 м баттерфляй | F85-89 | 50 м | 2:55:17
100 м баттерфляй | F90-94 | 50 м | 3:36:70
100 м баттерфляй | F95-99 | 50 м | 4:38:99
200 м баттерфляй | M25-29 | 50 м | 2:04:69
200 м баттерфляй | M30-34 | 50 м | 2:05:36
200 м баттерфляй | M35-39 | 50 м | 2:07:21
200 м баттерфляй | M40-44 | 50 м | 2:10:62
200 м баттерфляй | M45-49 | 50 м | 2:12:17
200 м баттерфляй | M50-54 | 50 м | 2:16:70
200 м баттерфляй | M55-59 | 50 м | 2:22:11
200 м баттерфляй | M60-64 | 50 м | 2:32:59
200 м баттерфляй | M65-69 | 50 м | 2:45:25
200 м баттерфляй | M70-74 | 50 м | 3:02:57
200 м баттерфляй | M75-79 | 50 м | 3:33:53
200 м баттерфляй | M80-84 | 50 м | 4:02:30
200 м баттерфляй | M85-89 | 50 м | 5:09:01
200 м баттерфляй | M90-94 | 50 м | 6:26:53
200 м баттерфляй | M95-99 | 50 м | 8:12:17
200 м баттерфляй | F25-29 | 50 м | 2:18:99
200 м баттерфляй | F30-34 | 50 м | 2:21:46
200 м баттерфляй | F35-39 | 50 м | 2:24:68
200 м баттерфляй | F40-44 | 50 м | 2:27:10
200 м баттерфляй | F45-49 | 50 м | 2:31:12
200 м баттерфляй | F50-54 | 50 м | 2:36:95
200 м баттерфляй | F55-59 | 50 м | 2:43:51
200 м баттерфляй | F60-64 | 50 м | 2:58:37
200 м баттерфляй | F65-69 | 50 м | 3:19:10
200 м баттерфляй | F70-74 | 50 м | 3:48:44
200 м баттерфляй | F75-79 | 50 м | 4:17:90
200 м баттерфляй | F80-84 | 50 м | 5:07:91
200 м баттерфляй | F85-89 | 50 м | 6:30:87
200 м баттерфляй | F90-94 | 50 м | 8:27:79
200 м баттерфляй | F95-99 | 50 м | 10:57:56
200 м комплексное плавание | M25-29 | 50 м | 2:04:95
200 м комплексное плавание | M30-34 | 50 м | 2:06:27
200 м комплексное плавание | M35-39 | 50 м | 2:09:74
200 м комплексное плавание | M40-44 | 50 м | 2:13:16
200 м комплексное плавание | M45-49 | 50 м | 2:15:73
200 м комплексное плавание | M50-54 | 50 м | 2:19:90
200 м комплексное плавание | M55-59 | 50 м | 2:23:47
200 м комплексное плавание | M60-64 | 50 м | 2:31:59
200 м комплексное плавание | M65-69 | 50 м | 2:42:36
200 м комплексное плавание | M70-74 | 50 м | 2:53:69
200 м комплексное плавание | M75-79 | 50 м | 3:13:12
200 м комплексное плавание | M80-84 | 50 м | 3:34:17
200 м комплексное плавание | M85-89 | 50 м | 4:13:62
200 м комплексное плавание | M90-94 | 50 м | 5:08:57
200 м комплексное плавание | M95-99 | 50 м | 6:12:12
200 м комплексное плавание | F25-29 | 50 м | 2:22:30
200 м комплексное плавание | F30-34 | 50 м | 2:22:38
200 м комплексное плавание | F35-39 | 50 м | 2:25:70
200 м комплексное плавание | F40-44 | 50 м | 2:27:94
200 м комплексное плавание | F45-49 | 50 м | 2:31:89
200 м комплексное плавание | F50-54 | 50 м | 2:36:55
200 м комплексное плавание | F55-59 | 50 м | 2:41:29
200 м комплексное плавание | F60-64 | 50 м | 2:51:17
200 м комплексное плавание | F65-69 | 50 м | 3:01:66
200 м комплексное плавание | F70-74 | 50 м | 3:20:47
200 м комплексное плавание | F75-79 | 50 м | 3:46:34
200 м комплексное плавание | F80-84 | 50 м | 4:13:30
200 м комплексное плавание | F85-89 | 50 м | 5:04:77
200 м комплексное плавание | F90-94 | 50 м | 6:18:48
200 м комплексное плавание | F95-99 | 50 м | 7:41:89
400 м комплексное плавание | M25-29 | 50 м | 4:31:77
400 м комплексное плавание | M30-34 | 50 м | 4:33:92
400 м комплексное плавание | M35-39 | 50 м | 4:41:14
400 м комплексное плавание | M40-44 | 50 м | 4:47:51
400 м комплексное плавание | M45-49 | 50 м | 4:52:04
400 м комплексное плавание | M50-54 | 50 м | 4:59:93
400 м комплексное плавание | M55-59 | 50 м | 5:11:76
400 м комплексное плавание | M60-64 | 50 м | 5:29:13
400 м комплексное плавание | M65-69 | 50 м | 5:50:62
400 м комплексное плавание | M70-74 | 50 м | 6:19:68
400 м комплексное плавание | M75-79 | 50 м | 7:13:11
400 м комплексное плавание | M80-84 | 50 м | 7:49:11
400 м комплексное плавание | M85-89 | 50 м | 9:33:91
400 м комплексное плавание | M90-94 | 50 м | 11:38:92
400 м комплексное плавание | M95-99 | 50 м | 14:08:25
400 м комплексное плавание | F25-29 | 50 м | 5:02:44
400 м комплексное плавание | F30-34 | 50 м | 5:03:88
400 м комплексное плавание | F35-39 | 50 м | 5:15:56
400 м комплексное плавание | F40-44 | 50 м | 5:20:96
400 м комплексное плавание | F45-49 | 50 м | 5:29:15
400 м комплексное плавание | F50-54 | 50 м | 5:35:07
400 м комплексное плавание | F55-59 | 50 м | 5:46:99
400 м комплексное плавание | F60-64 | 50 м | 6:09:45
400 м комплексное плавание | F65-69 | 50 м | 6:35:06
400 м комплексное плавание | F70-74 | 50 м | 7:25:07
400 м комплексное плавание | F75-79 | 50 м | 8:16:68
400 м комплексное плавание | F80-84 | 50 м | 9:35:44
400 м комплексное плавание | F85-89 | 50 м | 11:54:65
400 м комплексное плавание | F90-94 | 50 м | 14:09:90
400 м комплексное плавание | F95-99 | 50 м | 17:21:56